[{"name":"Welcome","settings":[{"type":"paragraph","content":"Theme settings allow designers to provide an easy way for any user to customize the look and feel of their shop without having to delve into HTML or CSS code. Please see our [help page on theme settings](http:\/\/docs.shopify.com\/themes\/theme-templates\/settings) to learn more about how you can make your theme customizable."}]},{"name":"Header and Logo","settings":[{"type":"header","content":"Top bar"},{"type":"color","id":"top_bar_bg","label":"Top bar Background","default":"#212121"},{"type":"header","content":"Header Styles Background Color"},{"type":"color","id":"bg_header_color","label":"Background color","default":"#fff"},{"type":"header","content":"Logo and icon"},{"type":"checkbox","id":"use_logo","label":"Use a custom logo"},{"type":"image","id":"logo.png"},{"type":"checkbox","id":"use_logo_sticky","label":"logo sticky"},{"type":"image","id":"logo-sticky.png"},{"type":"checkbox","id":"use_favicon","label":"Use a custom icon"},{"type":"image","id":"favicon.png","max-width":16,"max-height":16,"label":"Favicon","info":"16 x 16px required"},{"type":"header","content":"Search"},{"type":"checkbox","id":"show_header_search","label":"Show search form?","default":true},{"type":"text","id":"search_placeholder","label":"placeholder text","default":"search"},{"type":"header","content":"Header Top Bar Text"},{"type":"checkbox","id":"show_header_contact","label":"Show Header Top Bar Text?","default":true},{"type":"text","id":"header_contact_mail","label":"Text","default":"FREE SHIPPING ON ORDERS OVER $59"},{"type":"header","content":"Header Customer Service"},{"type":"checkbox","id":"show_header_cusstomer_service","label":"Show Customer Service","default":true},{"type":"text","id":"header_cusstomer_service_content","label":"Content","default":"Customer Service:  84-123-456-789"}]},{"name":"Newsletter","settings":[{"type":"header","content":"Popup Newsletter"},{"type":"checkbox","id":"display_popup_newsletter","label":"Display Popup Newsletter?","default":true},{"type":"image","id":"logo_popupnews.png","label":"Newsletter Logo"},{"type":"text","id":"popup_newsletter_title","label":"Popup Newsletter Title"},{"type":"text","id":"popup_newsletter_sub_title","label":"Popup Newsletter Sub Title"},{"type":"text","id":"popup_newsletter_message","label":"Popup Newsletter Message"},{"type":"header","content":"Newsletter"},{"type":"checkbox","id":"footer_display_newsletter","label":"Show newsletter?","default":true},{"type":"image","id":"bg_newsletter1.jpg","label":"Background"},{"type":"text","id":"home_newsletter_title","label":"Newsletter title","default":"Newsletter"},{"type":"text","id":"home_newsletter_subtitle","label":"Newsletter Subtitle","default":"Newsletter"},{"type":"textarea","id":"footer_newsletter_content","label":"Newsletter placeholder","default":"Email for Newsletter"},{"type":"textarea","id":"footer_newsletter_go","label":"Newsletter Button Text","default":"GO"},{"type":"text","id":"mailing_list_form_action","label":"MailChimp form action URL","info":"[Where do I find my MailChimp form action URL?](http:\/\/docs.shopify.com\/support\/configuration\/store-customization\/where-do-i-get-my-mailchimp-form-action)"}]},{"name":"Footer","settings":[{"type":"header","content":"Background Footer"},{"type":"radio","id":"bg_footer_img","label":"Background image","options":[{"value":"none","label":"Solid color (no image)"}]},{"type":"color","id":"bg_footer_color","label":"Background color","default":"#2e2e2e"},{"type":"header","content":"Footer bottom background color"},{"type":"color","id":"bg_footer_bottom_color","label":"Footer bottom background color","default":"#292929"},{"type":"header","content":"Color Text"},{"type":"color","id":"footer_title_color","label":"Footer Title","default":"#fff"},{"type":"color","id":"footer_link_color","label":"Footer Text","default":"#6f6f6f"},{"type":"color","id":"footer_link_hover","label":"Footer Text Hover","default":"#a499c9"},{"type":"color","id":"footerbottom_link_color","label":"Footer Bottom Text","default":"#5d5d5d"},{"type":"header","content":"Footer Top"},{"type":"checkbox","id":"enable_footer_Top","label":"Show Footer Top?"},{"type":"image","id":"logo_footer_top.png","label":"Footer Logo","max-width":200},{"type":"textarea","id":"footer_top_content","label":"Footer Top Content","default":"text default"},{"type":"header","content":"Footer Column"},{"type":"text","id":"footer_column_1_title","label":"Footer Column 1 Title"},{"type":"link_list","id":"footercol1","label":"Link List Column 1"},{"type":"text","id":"footer_column_2_title","label":"Footer Column 2 Title"},{"type":"link_list","id":"footercol2","label":"Link List Column 2"},{"type":"text","id":"footer_column_3_title","label":"Footer Column 3 Title"},{"type":"link_list","id":"footercol3","label":"Link List Column 3"},{"type":"link_list","id":"footercol4","label":"Link List Column Custom"},{"type":"header","content":"Footer isocal"},{"type":"checkbox","id":"display_footer_isocal","label":"Show Footer isocal?"},{"type":"text","id":"footer_column_4_icon_1","label":"icon 1","default":"fa fa-rocket","info":"add class of font icon"},{"type":"text","id":"footer_column_4_icon_link_1","label":"Link Icon 1","default":"#"},{"type":"text","id":"footer_column_4_icon_2","label":"icon 2","default":"fa fa-rocket","info":"add class of font icon"},{"type":"text","id":"footer_column_4_icon_link_2","label":"Link Icon 2","default":"#"},{"type":"text","id":"footer_column_4_icon_3","label":"icon 3","default":"fa fa-rocket","info":"add class of font icon"},{"type":"text","id":"footer_column_4_icon_link_3","label":"Link Icon 3","default":"#"},{"type":"text","id":"footer_column_4_icon_4","label":"icon 4","default":"fa fa-rocket","info":"add class of font icon"},{"type":"text","id":"footer_column_4_icon_link_4","label":"Link Icon 4","default":"#"},{"type":"text","id":"footer_column_4_icon_5","label":"icon 5","default":"fa fa-rocket","info":"add class of font icon"},{"type":"text","id":"footer_column_4_icon_link_5","label":"Link Icon 5","default":"#"},{"type":"header","content":"Footer Copyright"},{"type":"checkbox","id":"display_footer_copyright","label":"Show Footer Copyright?"},{"type":"textarea","id":"footer_copyright_text_1","label":"Footer Copyright  Text"},{"type":"header","content":"Payment Accept"},{"type":"checkbox","id":"display_paypal","label":"Display Payment Accept?","default":true},{"type":"image","id":"footer-paypal-1.png","label":"paypal 1","max-width":100},{"type":"image","id":"footer-paypal-2.png","label":"paypal 2","max-width":100},{"type":"image","id":"footer-paypal-3.png","label":"paypal 3","max-width":100},{"type":"image","id":"footer-paypal-4.png","label":"paypal 4","max-width":100},{"type":"image","id":"footer-paypal-5.png","label":"paypal 5","max-width":100},{"type":"image","id":"footer-paypal-6.png","label":"paypal 6","max-width":100}]},{"name":"Background","settings":[{"type":"radio","id":"bg_body_img","label":"Background image","options":[{"value":"bg-body.jpg","label":"Uploaded image"},{"value":"none","label":"Solid color (no image)"}]},{"type":"color","id":"bg_body_color","label":"Background color","default":"#fff"},{"type":"radio","id":"bg_body_position_x","label":"Horizontal position","options":[{"value":"left","label":"Left"},{"value":"center","label":"Center"},{"value":"right","label":"Right"}]},{"type":"radio","id":"bg_body_position_y","label":"Vertical position","options":[{"value":"top","label":"Top"},{"value":"center","label":"Center"},{"value":"bottom","label":"Bottom"}]},{"type":"select","id":"bg_body_repeat","label":"Repeat","options":[{"value":"repeat","label":"Horizontally and vertically"},{"value":"repeat-x","label":"Horizontally only"},{"value":"repeat-y","label":"Vertically only"},{"value":"no-repeat","label":"Don't repeat"}]},{"type":"select","id":"bg_body_attachment","label":"Attachment","options":[{"value":"scroll","label":"Scroll"},{"value":"fixed","label":"Fixed"}]},{"type":"image","id":"bg-body.jpg","label":"Upload a new image","max-width":2000,"max-height":2000}]},{"name":"General","settings":[{"type":"text","id":"body_font_size","label":"Body Font Size","default":"12","info":"Default Value: 12"},{"type":"color","id":"body_color","label":"Body Color","default":"#2d2d2d","info":"Default Value: #2d2d2d"},{"type":"color","id":"body_link_color","label":"body Link Color","default":"#848484","info":"Default Value: #848484"},{"type":"color","id":"body_link_color_hover","label":"body Link Color Hover","default":"#a499c9","info":"Default Value: #a499c9"},{"type":"header","content":"Breadcrumb"},{"type":"checkbox","id":"display_breadcrumb","label":"Display Breadcrumb?","default":true},{"type":"text","id":"padding_background_breadcrumb","label":"Padding top, bottom","default":"100"},{"type":"color","id":"breadcrumb_bg_color","label":"Breadcrumb Background Color","default":"#fff","info":"Default Value: #fff"},{"type":"color","id":"breadcrumb_border_color","label":"Breadcrumb Bottom Border Color","default":"#ebebeb","info":"Default Value: #ebebeb, show in collection page"},{"type":"color","id":"breadcrumb_color","label":"Breadcrumb Text Color","default":"#fff","info":"Default Value: #fff"},{"type":"select","id":"breadcrumb_text_transform","label":"Breadcrumb Text Transform","options":[{"value":"uppercase","label":"Uppercase"},{"value":"capitalize","label":"Capitalize"},{"value":"lowercase","label":"Lowercase"},{"value":"full-width","label":"Full-width"}],"default":"capitalize","info":"Default Value: capitalize"},{"type":"text","id":"breadcrumb_align","label":"Breadcrumb Align","default":"left, center, right","info":"Default Value: left"},{"type":"header","content":"Color Megamenu"},{"type":"color","id":"link_color_levertop","label":"Link Color Lever Top","default":"#2d2d2d","info":"Default Value: #2d2d2d"},{"type":"color","id":"link_color_levertop_hover","label":"Link Color Hover Lever Top ","default":"#fff","info":"Default Value: #fff"},{"type":"color","id":"background_dropdown","label":"Background Dropdown","default":"#2d2d2d","info":"Default Value: #2d2d2d"},{"type":"color","id":"link_color_title","label":"Link Color Title Dropdown ","default":"#fff","info":"Default Value: #fff"},{"type":"color","id":"link_color_sub_menu","label":"Link Color Submenu ","default":"#fff","info":"Default Value: #fff"},{"type":"color","id":"link_color_sub_menu_hover","label":"Link Color Hover Submenu  ","default":"#666","info":"Default Value: #666"}]},{"name":"Mega Menu","settings":[{"type":"header","content":"Mega Menu Items"},{"type":"checkbox","id":"display_megamenu","label":"Display Mega Menu?","default":true},{"type":"header","content":"Mega Menu Item 1"},{"type":"checkbox","id":"menuitem_enable_1","label":"Enable Mega Menu item 1"},{"type":"text","id":"menuitem_title_1","label":"Menu item 1","info":"(*) Enter \"Link Name\" of \"Navigation \/ Main Menu\" into Menu item 1 box"},{"type":"checkbox","id":"menuitem_fullwidth_1","label":"Enable Mega Menu 1 Fullwidth"},{"type":"text","id":"menuitem_width_1","label":"Mega Menu width 1","info":"Used pixcel (eg: 1000px). Leave empty if selected fullwidth."},{"type":"checkbox","id":"menuitem_eblocklinks_1","label":"Mega Menu blocklinks enable 1"},{"type":"text","id":"menuitem_columns_blocklinks_1","label":"Width: Number column of Links","default":"9","info":"Number of columns in a row (eg: 1..12, max-column:12) "},{"type":"text","id":"menuitem_columns_1","label":"Width: Number column of block","default":"4","info":"Number of columns in a row (eg: 1..12, max-column:12)"},{"type":"checkbox","id":"menuitem_evideo_1","label":"Enable Mega Menu 1 video"},{"type":"text","id":"menuitem_columns_blockvideo_1","label":"Columns of block video 1","default":"3","info":"Number of columns in a row (eg: 1..12, max-column:12)"},{"type":"textarea","id":"menuitem_cvideo_1","label":"Mega Menu video content 1","info":"Copy Video CODE from youtube, vimeo and put here"},{"type":"checkbox","id":"menuitem_eproduct_1","label":"Mega Menu product enable 1"},{"type":"text","id":"menuitem_columns_blockproducts_1","label":"Columns of block product 1","default":"3","info":"Number of columns in a row (eg: 1..12, max-column:12)"},{"type":"text","id":"menuitem_tproduct_1","label":"Mega Menu product title 1"},{"type":"collection","id":"menuitem_cproduct_1","label":"Mega Menu product item 1"},{"type":"text","id":"menuitem_nproduct_1","label":"Limit Product 1","default":"3","info":"number product(eg:1,2,3..)"},{"type":"checkbox","id":"menuitem_ehtml_1","label":"Mega Menu html enable 1"},{"type":"text","id":"menuitem_columns_blockhtml_1","label":"Columns of block html 1","default":"3","info":"Number of columns in a row (eg: 1..12, max-column:12)"},{"type":"text","id":"menuitem_thtml_1","label":"Mega Menu html title 1"},{"type":"image","id":"mega_images_1.jpg","label":"Mega Menu html image 1","max-width":1200,"max-height":500,"info":"Max size: 1170px x 500px"},{"type":"paragraph","content":"Images max size: 1200px x 500px. Type: *.jpg"},{"type":"textarea","id":"menuitem_chtml_1","label":"Mega Menu html title 1"},{"type":"header","content":"Mega Menu Item 2"},{"type":"checkbox","id":"menuitem_enable_2","label":"Enable Mega Menu item 2"},{"type":"text","id":"menuitem_title_2","label":"Menu item 2","info":"(*) Enter \"Link Name\" of \"Navigation \/ Main Menu\" into Menu item 2 box"},{"type":"checkbox","id":"menuitem_fullwidth_2","label":"Enable Mega Menu 2 Fullwidth"},{"type":"text","id":"menuitem_width_2","label":"Mega Menu width 2","info":"Used pixcel (eg: 1000px). Leave empty if selected fullwidth."},{"type":"checkbox","id":"menuitem_eblocklinks_2","label":"Mega Menu blocklinks enable 2"},{"type":"text","id":"menuitem_columns_blocklinks_2","label":"Width: Number column of Links","default":"9","info":"Number of columns in a row (eg: 1..12, max-column:12)"},{"type":"text","id":"menuitem_columns_2","label":"Width: Number column of block","default":"3","info":"Number of columns in a row (eg: 1..12, max-column:12)"},{"type":"checkbox","id":"menuitem_evideo_2","label":"Enable Mega Menu 2 video"},{"type":"text","id":"menuitem_columns_blockvideo_2","label":"Columns of block video 2","default":"3","info":"Number of columns in a row (eg: 1..12, max-column:12)"},{"type":"textarea","id":"menuitem_cvideo_2","label":"Mega Menu video content 2","info":"Copy Video CODE from youtube, vimeo and put here"},{"type":"checkbox","id":"menuitem_eproduct_2","label":"Mega Menu product enable 2"},{"type":"text","id":"menuitem_columns_blockproducts_2","label":"Columns of block product 2","default":"3","info":"Number of columns in a row (eg: 1..12, max-column:12)"},{"type":"text","id":"menuitem_tproduct_2","label":"Mega Menu product title 2"},{"type":"collection","id":"menuitem_cproduct_2","label":"Mega Menu product item 2"},{"type":"text","id":"menuitem_nproduct_2","label":"Limit Product","default":"3","info":"number product(eg:1,2,3..)"},{"type":"checkbox","id":"menuitem_ehtml_2","label":"Mega Menu html enable 2"},{"type":"text","id":"menuitem_columns_blockhtml_2","label":"Columns of block html 2","default":"3","info":"Number of columns in a row (eg: 1..12, max-column:12)"},{"type":"text","id":"menuitem_thtml_2","label":"Mega Menu html title 2"},{"type":"image","id":"mega_images_2.jpg","label":"Mega Menu html image 2","max-width":1200,"max-height":500,"info":"Max size: 1170px x 500px"},{"type":"paragraph","content":"Images max size: 1200px x 500px. Type: *.jpg"},{"type":"textarea","id":"menuitem_chtml_2","label":"Mega Menu html title 2"},{"type":"header","content":"Mega Menu Item 3"},{"type":"checkbox","id":"menuitem_enable_3","label":"Enable Mega Menu item 3"},{"type":"text","id":"menuitem_title_3","label":"Menu item 3","info":"(*) Enter \"Link Name\" of \"Navigation \/ Main Menu\" into Menu item 3 box"},{"type":"checkbox","id":"menuitem_fullwidth_3","label":"Enable Mega Menu 3 Fullwidth"},{"type":"text","id":"menuitem_width_3","label":"Mega Menu width 3","info":"Used pixcel (eg: 1000px). Leave empty if selected fullwidth."},{"type":"checkbox","id":"menuitem_eblocklinks_3","label":"Mega Menu blocklinks enable 3"},{"type":"text","id":"menuitem_columns_blocklinks_3","label":"Width: Number column of Links","default":"9","info":"Number of columns in a row (eg: 1..12, max-column:12)"},{"type":"text","id":"menuitem_columns_3","label":"Width: Number column of block","default":"4","info":"Number of columns in a row (eg: 1..12, max-column:12)"},{"type":"checkbox","id":"menuitem_evideo_3","label":"Enable Mega Menu 3 video"},{"type":"text","id":"menuitem_columns_blockvideo_3","label":"Columns of block video 3","default":"3","info":"Number of columns in a row (eg: 1..12, max-column:12)"},{"type":"textarea","id":"menuitem_cvideo_3","label":"Mega Menu video content 3","info":"Copy Video CODE from youtube, vimeo and put here"},{"type":"checkbox","id":"menuitem_eproduct_3","label":"Mega Menu product enable 3"},{"type":"text","id":"menuitem_columns_blockproducts_3","label":"Columns of block product 3","default":"3","info":"Number of columns in a row (eg: 1..12, max-column:12)"},{"type":"text","id":"menuitem_tproduct_3","label":"Mega Menu product title 3"},{"type":"collection","id":"menuitem_cproduct_3","label":"Mega Menu product item 3"},{"type":"text","id":"menuitem_nproduct_3","label":"Limit Product","default":"3","info":"number product(eg:1,2,3..)"},{"type":"checkbox","id":"menuitem_ehtml_3","label":"Mega Menu html enable 3"},{"type":"text","id":"menuitem_columns_blockhtml_3","label":"Columns of block html 3","default":"3","info":"Number of columns in a row (eg: 1..12, max-column:12)"},{"type":"text","id":"menuitem_thtml_3","label":"Mega Menu html title 3"},{"type":"image","id":"mega_images_3.jpg","label":"Mega Menu html image 3","max-width":1200,"max-height":500,"info":"Max size: 1170px x 500px"},{"type":"paragraph","content":"Images max size: 1200px x 500px. Type: *.jpg"},{"type":"textarea","id":"menuitem_chtml_3","label":"Mega Menu html title 3"},{"type":"header","content":"Mega Menu Item 4"},{"type":"checkbox","id":"menuitem_enable_4","label":"Enable Mega Menu item 4"},{"type":"text","id":"menuitem_title_4","label":"Menu item 4","info":"(*) Enter \"Link Name\" of \"Navigation \/ Main Menu\" into Menu item 4 box"},{"type":"checkbox","id":"menuitem_fullwidth_4","label":"Enable Mega Menu 4 Fullwidth"},{"type":"text","id":"menuitem_width_4","label":"Mega Menu width 4","info":"Used pixcel (eg: 1000px). Leave empty if selected fullwidth."},{"type":"checkbox","id":"menuitem_eblocklinks_4","label":"Mega Menu blocklinks enable 4"},{"type":"text","id":"menuitem_columns_blocklinks_4","label":"Width: Number column of Links","default":"9","info":"Number of columns in a row (eg: 1..12, max-column:12)"},{"type":"text","id":"menuitem_columns_4","label":"Width: Number column of block","default":"3","info":"Number of columns in a row (eg: 1..12, max-column:12)"},{"type":"checkbox","id":"menuitem_evideo_4","label":"Enable Mega Menu 4 video"},{"type":"text","id":"menuitem_columns_blockvideo_4","label":"Columns of block video 4","default":"3","info":"Number of columns in a row (eg: 1..12, max-column:12)"},{"type":"textarea","id":"menuitem_cvideo_4","label":"Mega Menu video content 4","info":"Copy Video CODE from youtube, vimeo and put here"},{"type":"checkbox","id":"menuitem_eproduct_4","label":"Mega Menu product enable 4"},{"type":"text","id":"menuitem_columns_blockproducts_4","label":"Columns of block product 4","default":"3","info":"Number of columns in a row (eg: 1..12, max-column:12)"},{"type":"text","id":"menuitem_tproduct_4","label":"Mega Menu product title 4"},{"type":"collection","id":"menuitem_cproduct_4","label":"Mega Menu product item 4"},{"type":"text","id":"menuitem_nproduct_4","label":"Limit Product","default":"3","info":"number product(eg:1,2,3..)"},{"type":"checkbox","id":"menuitem_ehtml_4","label":"Mega Menu html enable 4"},{"type":"text","id":"menuitem_columns_blockhtml_4","label":"Columns of block html 4","default":"3","info":"Number of columns in a row (eg: 1..12, max-column:12)"},{"type":"text","id":"menuitem_thtml_4","label":"Mega Menu html title 4"},{"type":"image","id":"mega_images_4.jpg","label":"Mega Menu html image 4","max-width":1200,"max-height":500,"info":"Max size: 1170px x 500px"},{"type":"paragraph","content":"Images max size: 1200px x 500px. Type: *.jpg"},{"type":"textarea","id":"menuitem_chtml_4","label":"Mega Menu html title 4"},{"type":"header","content":"Mega Menu Item 5"},{"type":"checkbox","id":"menuitem_enable_5","label":"Enable Mega Menu item 5"},{"type":"text","id":"menuitem_title_5","label":"Menu item 5","info":"(*) Enter \"Link Name\" of \"Navigation \/ Main Menu\" into Menu item 5 box"},{"type":"checkbox","id":"menuitem_fullwidth_5","label":"Enable Mega Menu 5 Fullwidth"},{"type":"text","id":"menuitem_width_5","label":"Mega Menu width 5","info":"Used pixcel (eg: 1000px). Leave empty if selected fullwidth."},{"type":"checkbox","id":"menuitem_eblocklinks_5","label":"Mega Menu blocklinks enable 5"},{"type":"text","id":"menuitem_columns_blocklinks_5","label":"Width: Number column of Links","default":"9","info":"Number of columns in a row (eg: 1..12, max-column:12)"},{"type":"text","id":"menuitem_columns_5","label":"Width: Number column of block","default":"3","info":"Number of columns in a row (eg: 1..12, max-column:12)"},{"type":"checkbox","id":"menuitem_evideo_5","label":"Enable Mega Menu 5 video"},{"type":"text","id":"menuitem_columns_blockvideo_5","label":"Columns of block video 5","default":"3","info":"Number of columns in a row (eg: 1..12, max-column:12)"},{"type":"textarea","id":"menuitem_cvideo_5","label":"Mega Menu video content 5","info":"Copy Video CODE from youtube, vimeo and put here"},{"type":"checkbox","id":"menuitem_eproduct_5","label":"Mega Menu product enable 5"},{"type":"text","id":"menuitem_columns_blockproducts_5","label":"Columns of block product 5","default":"3","info":"Number of columns in a row (eg: 1..12, max-column:12)"},{"type":"text","id":"menuitem_tproduct_5","label":"Mega Menu product title 5"},{"type":"collection","id":"menuitem_cproduct_5","label":"Mega Menu product item 5"},{"type":"text","id":"menuitem_nproduct_5","label":"Limit Product","default":"3","info":"number product(eg:1,2,3..)"},{"type":"checkbox","id":"menuitem_ehtml_5","label":"Mega Menu html enable 5"},{"type":"text","id":"menuitem_columns_blockhtml_5","label":"Columns of block html 5","default":"3","info":"Number of columns in a row (eg: 1..12, max-column:12)"},{"type":"text","id":"menuitem_thtml_5","label":"Mega Menu html title 5"},{"type":"image","id":"mega_images_5.jpg","label":"Mega Menu html image 5","max-width":1200,"max-height":500,"info":"Max size: 1170px x 500px"},{"type":"paragraph","content":"Images max size: 1200px x 500px. Type: *.jpg"},{"type":"textarea","id":"menuitem_chtml_5","label":"Mega Menu html title 5"}]},{"name":"Vertical Mega Menu","settings":[{"type":"header","content":"General Setting"},{"type":"checkbox","id":"verticalmenu_enable","label":"Enable Vertical Menu"},{"type":"header","content":"Icon Menu Item"},{"type":"checkbox","id":"vermenuicon_enable","label":"Icon Menu Enable"},{"type":"color","id":"vermenuicon_color","label":"Icon Menu Color","default":"#000000"},{"type":"text","id":"vermenuicon_font_1","label":"Icon Awesome Menu 1","info":"Use Font Awesome Icon. Input name icon. Ex:\"truck\""},{"type":"text","id":"vermenuicon_font_2","label":"Icon Awesome Menu 2","info":"Use Font Awesome Icon. Input name icon. Ex:\"truck\""},{"type":"text","id":"vermenuicon_font_3","label":"Icon Awesome Menu 3","info":"Use Font Awesome Icon. Input name icon. Ex:\"truck\""},{"type":"text","id":"vermenuicon_font_4","label":"Icon Awesome Menu 4","info":"Use Font Awesome Icon. Input name icon. Ex:\"truck\""},{"type":"text","id":"vermenuicon_font_5","label":"Icon Awesome Menu 5","info":"Use Font Awesome Icon. Input name icon. Ex:\"truck\""},{"type":"text","id":"vermenuicon_font_6","label":"Icon Awesome Menu 6","info":"Use Font Awesome Icon. Input name icon. Ex:\"truck\""},{"type":"text","id":"vermenuicon_font_7","label":"Icon Awesome Menu 7","info":"Use Font Awesome Icon. Input name icon. Ex:\"truck\""},{"type":"text","id":"vermenuicon_font_8","label":"Icon Awesome Menu 8","info":"Use Font Awesome Icon. Input name icon. Ex:\"truck\""},{"type":"text","id":"vermenuicon_font_9","label":"Icon Awesome Menu 9","info":"Use Font Awesome Icon. Input name icon. Ex:\"truck\""},{"type":"text","id":"vermenuicon_font_10","label":"Icon Awesome Menu 10","info":"Use Font Awesome Icon. Input name icon. Ex:\"truck\""},{"type":"text","id":"vermenuicon_font_11","label":"Icon Awesome Menu 11","info":"Use Font Awesome Icon. Input name icon. Ex:\"truck\""},{"type":"link_list","id":"verticalmenu_linklist","label":"Vertical Menu Category List"},{"type":"text","id":"verticalmenu_title","label":"Vertical Block Title"},{"type":"header","content":"Mega Menu Item"},{"type":"header","content":"Mega Menu Item 1"},{"type":"checkbox","id":"vermenuitem_enable_1","label":"Enable Mega Menu item 1"},{"type":"text","id":"vermenuitem_title_1","label":"Menu item 1","info":"(*) Enter \"Link Name\" of \"Navigation \/ Main Menu\" into Menu item 1 box"},{"type":"text","id":"vermenuitem_width_1","label":"Mega Menu width 1","info":"Used pixcel (eg: 1000px)."},{"type":"checkbox","id":"vermenuitem_eblocklinks_1","label":"Mega Menu blocklinks enable 1"},{"type":"text","id":"vermenuitem_columns_blocklinks_1","label":"Width: Number column of Links","default":"9","info":"Number of columns in a row (eg: 1..12, max-column:12)"},{"type":"text","id":"vermenuitem_columns_1","label":" Width: Number column of block","default":"4","info":"Number of columns in a row (eg: 1..12, max-column:12)"},{"type":"checkbox","id":"vermenuitem_evideo_1","label":"Mega Menu video enable 1"},{"type":"text","id":"vermenuitem_columns_blockvideo_1","label":"Columns of block video 1","default":"3","info":"Number of columns in a row (eg: 1..12, max-column:12)"},{"type":"textarea","id":"vermenuitem_cvideo_1","label":"Mega Menu video content 1","info":"Copy Video CODE from youtube, vimeo and put here"},{"type":"checkbox","id":"vermenuitem_eproduct_1","label":"Mega Menu product enable 1"},{"type":"text","id":"vermenuitem_columns_blockproducts_1","label":"Columns of block product 1","default":"3","info":"Number of columns in a row (eg: 1..12, max-column:12)"},{"type":"text","id":"vermenuitem_tproduct_1","label":"Mega Menu product title 1"},{"type":"collection","id":"vermenuitem_cproduct_1","label":"Mega Menu product item 1"},{"type":"text","id":"vermenuitem_nproduct_1","label":"Limit Product","default":"3","info":"number product(eg:1,2,3..)"},{"type":"checkbox","id":"vermenuitem_ehtml_1","label":"Mega Menu html enable 1"},{"type":"text","id":"vermenuitem_columns_blockhtml_1","label":"Columns of block html 1","default":"3","info":"Number of columns in a row (eg: 1..12, max-column:12)"},{"type":"text","id":"vermenuitem_thtml_1","label":"Mega Menu html title 1"},{"type":"image","id":"vermenuitem_ihtml_1.jpg","label":"Mega Menu html image 1","max-width":1200,"max-height":500,"info":"Max size: 1170px x 500px"},{"type":"paragraph","content":"Images max size: 1200px x 500px. Type: *.jpg"},{"type":"textarea","id":"vermenuitem_chtml_1","label":"Mega Menu html title 1"},{"type":"header","content":"Mega Menu Item 2"},{"type":"checkbox","id":"vermenuitem_enable_2","label":"Enable Mega Menu item 2"},{"type":"text","id":"vermenuitem_title_2","label":"Menu item 2","info":"(*) Enter \"Link Name\" of \"Navigation \/ Main Menu\" into Menu item 2 box"},{"type":"text","id":"vermenuitem_width_2","label":"Mega Menu width 2","info":"Used pixcel (eg: 1000px)."},{"type":"checkbox","id":"vermenuitem_eblocklinks_2","label":"Mega Menu blocklinks enable 2"},{"type":"text","id":"vermenuitem_columns_blocklinks_2","label":"Width: Number column of Links","default":"9","info":"Number of columns in a row (eg: 1..12, max-column:12)"},{"type":"text","id":"vermenuitem_columns_2","label":" Width: Number column of block","default":"3","info":"Number of columns in a row (eg: 1..12, max-column:12)"},{"type":"checkbox","id":"vermenuitem_evideo_2","label":"Mega Menu video enable 2"},{"type":"text","id":"vermenuitem_columns_blockvideo_2","label":"Columns of block video 2","default":"3","info":"Number of columns in a row (eg: 1..12, max-column:12)"},{"type":"textarea","id":"vermenuitem_cvideo_2","label":"Mega Menu video content 2","info":"Copy Video CODE from youtube, vimeo and put here"},{"type":"checkbox","id":"vermenuitem_eproduct_2","label":"Mega Menu product enable 2"},{"type":"text","id":"vermenuitem_columns_blockproducts_2","label":"Columns of block product 2","default":"3","info":"Number of columns in a row (eg: 1..12, max-column:12)"},{"type":"text","id":"vermenuitem_tproduct_2","label":"Mega Menu product title 2"},{"type":"collection","id":"vermenuitem_cproduct_2","label":"Mega Menu product item 2"},{"type":"text","id":"vermenuitem_nproduct_2","label":"Limit Product","default":"3","info":"number product(eg:1,2,3..)"},{"type":"checkbox","id":"vermenuitem_ehtml_2","label":"Mega Menu html enable 2"},{"type":"text","id":"vermenuitem_columns_blockhtml_2","label":"Columns of block html 2","default":"3","info":"Number of columns in a row (eg: 1..12, max-column:12)"},{"type":"text","id":"vermenuitem_thtml_2","label":"Mega Menu html title 2"},{"type":"image","id":"vermenuitem_ihtml_2.jpg","label":"Mega Menu html image 2","max-width":1200,"max-height":500,"info":"Max size: 1170px x 500px"},{"type":"paragraph","content":"Images max size: 1200px x 500px. Type: *.jpg"},{"type":"textarea","id":"vermenuitem_chtml_2","label":"Mega Menu html title 2"},{"type":"header","content":"Mega Menu Item 3"},{"type":"checkbox","id":"vermenuitem_enable_3","label":"Enable Mega Menu item 3"},{"type":"text","id":"vermenuitem_title_3","label":"Menu item 3","info":"(*) Enter \"Link Name\" of \"Navigation \/ Main Menu\" into Menu item 3 box"},{"type":"text","id":"vermenuitem_width_3","label":"Mega Menu width 3","info":"Used pixcel (eg: 1000px)."},{"type":"checkbox","id":"vermenuitem_eblocklinks_3","label":"Mega Menu blocklinks enable 3"},{"type":"text","id":"vermenuitem_columns_blocklinks_3","label":"Width: Number column of Links","default":"9","info":"Number of columns in a row (eg: 1..12, max-column:12)"},{"type":"text","id":"vermenuitem_columns_3","label":" Width: Number column of block","default":"4","info":"Number of columns in a row (eg: 1..12, max-column:12)"},{"type":"checkbox","id":"vermenuitem_evideo_3","label":"Mega Menu video enable 3"},{"type":"text","id":"vermenuitem_columns_blockvideo_3","label":"Columns of block video 3","default":"3","info":"Number of columns in a row (eg: 1..12, max-column:12)"},{"type":"textarea","id":"vermenuitem_cvideo_3","label":"Mega Menu video content 3","info":"Copy Video CODE from youtube, vimeo and put here"},{"type":"checkbox","id":"vermenuitem_eproduct_3","label":"Mega Menu product enable 3"},{"type":"text","id":"vermenuitem_columns_blockproducts_3","label":"Columns of block product 3","default":"3","info":"Number of columns in a row (eg: 1..12, max-column:12)"},{"type":"text","id":"vermenuitem_tproduct_3","label":"Mega Menu product title 3"},{"type":"collection","id":"vermenuitem_cproduct_3","label":"Mega Menu product item 3"},{"type":"text","id":"vermenuitem_nproduct_3","label":"Limit Product","default":"3","info":"number product(eg:1,2,3..)"},{"type":"checkbox","id":"vermenuitem_ehtml_3","label":"Mega Menu html enable 3"},{"type":"text","id":"vermenuitem_columns_blockhtml_3","label":"Columns of block html 3","default":"3","info":"Number of columns in a row (eg: 1..12, max-column:12)"},{"type":"text","id":"vermenuitem_thtml_3","label":"Mega Menu html title 3"},{"type":"image","id":"vermenuitem_ihtml_3.jpg","label":"Mega Menu html image 3","max-width":1200,"max-height":500,"info":"Max size: 1170px x 500px"},{"type":"paragraph","content":"Images max size: 1200px x 500px. Type: *.jpg"},{"type":"textarea","id":"vermenuitem_chtml_3","label":"Mega Menu html title 3"},{"type":"header","content":"Mega Menu Item 4"},{"type":"checkbox","id":"vermenuitem_enable_4","label":"Enable Mega Menu item 4"},{"type":"text","id":"vermenuitem_title_4","label":"Menu item 4","info":"(*) Enter \"Link Name\" of \"Navigation \/ Main Menu\" into Menu item 4 box"},{"type":"text","id":"vermenuitem_width_4","label":"Mega Menu width 4","info":"Used pixcel (eg: 1000px)."},{"type":"checkbox","id":"vermenuitem_eblocklinks_4","label":"Mega Menu blocklinks enable 4"},{"type":"text","id":"vermenuitem_columns_blocklinks_4","label":"Width: Number column of Links","default":"9","info":"Number of columns in a row (eg: 1..12, max-column:12)"},{"type":"text","id":"vermenuitem_columns_4","label":" Width: Number column of block","default":"4","info":"Number of columns in a row (eg: 1..12, max-column:12)"},{"type":"checkbox","id":"vermenuitem_evideo_4","label":"Mega Menu video enable 4"},{"type":"text","id":"vermenuitem_columns_blockvideo_4","label":"Columns of block video 4","default":"3","info":"Number of columns in a row (eg: 1..12, max-column:12)"},{"type":"textarea","id":"vermenuitem_cvideo_4","label":"Mega Menu video content 4","info":"Copy Video CODE from youtube, vimeo and put here"},{"type":"checkbox","id":"vermenuitem_eproduct_4","label":"Mega Menu product enable 4"},{"type":"text","id":"vermenuitem_columns_blockproducts_4","label":"Columns of block product 4","default":"3","info":"Number of columns in a row (eg: 1..12, max-column:12)"},{"type":"text","id":"vermenuitem_tproduct_4","label":"Mega Menu product title 4"},{"type":"collection","id":"vermenuitem_cproduct_4","label":"Mega Menu product item 4"},{"type":"text","id":"vermenuitem_nproduct_4","label":"Limit Product","default":"3","info":"number product(eg:1,2,3..)"},{"type":"checkbox","id":"vermenuitem_ehtml_4","label":"Mega Menu html enable 4"},{"type":"text","id":"vermenuitem_columns_blockhtml_4","label":"Columns of block html 4","default":"3","info":"Number of columns in a row (eg: 1..12, max-column:12)"},{"type":"text","id":"vermenuitem_thtml_4","label":"Mega Menu html title 4"},{"type":"image","id":"vermenuitem_ihtml_4.jpg","label":"Mega Menu html image 4","max-width":1200,"max-height":500,"info":"Max size: 1170px x 500px"},{"type":"paragraph","content":"Images max size: 1200px x 500px. Type: *.jpg"},{"type":"textarea","id":"vermenuitem_chtml_4","label":"Mega Menu html title 4"},{"type":"header","content":"Mega Menu Item 5"},{"type":"checkbox","id":"vermenuitem_enable_5","label":"Enable Mega Menu item 5"},{"type":"text","id":"vermenuitem_title_5","label":"Menu item 5","info":"(*) Enter \"Link Name\" of \"Navigation \/ Main Menu\" into Menu item 5 box"},{"type":"text","id":"vermenuitem_width_5","label":"Mega Menu width 5","info":"Used pixcel (eg: 1000px)."},{"type":"checkbox","id":"vermenuitem_eblocklinks_5","label":"Mega Menu blocklinks enable 5"},{"type":"text","id":"vermenuitem_columns_blocklinks_5","label":"Width: Number column of Links","default":"9","info":"Number of columns in a row (eg: 1..12, max-column:12)"},{"type":"text","id":"vermenuitem_columns_5","label":" Width: Number column of block","default":"4","info":"Number of columns in a row (eg: 1..12, max-column:12)"},{"type":"checkbox","id":"vermenuitem_evideo_5","label":"Mega Menu video enable 5"},{"type":"text","id":"vermenuitem_columns_blockvideo_5","label":"Columns of block video 5","default":"3","info":"Number of columns in a row (eg: 1..12, max-column:12)"},{"type":"textarea","id":"vermenuitem_cvideo_5","label":"Mega Menu video content 5","info":"Copy Video CODE from youtube, vimeo and put here"},{"type":"checkbox","id":"vermenuitem_eproduct_5","label":"Mega Menu product enable 5"},{"type":"text","id":"vermenuitem_columns_blockproducts_5","label":"Columns of block product 5","default":"3","info":"Number of columns in a row (eg: 1..12, max-column:12)"},{"type":"text","id":"vermenuitem_tproduct_5","label":"Mega Menu product title 5"},{"type":"collection","id":"vermenuitem_cproduct_5","label":"Mega Menu product item 5"},{"type":"text","id":"vermenuitem_nproduct_5","label":"Limit Product","default":"3","info":"number product(eg:1,2,3..)"},{"type":"checkbox","id":"vermenuitem_ehtml_5","label":"Mega Menu html enable 5"},{"type":"text","id":"vermenuitem_columns_blockhtml_5","label":"Columns of block html 5","default":"3","info":"Number of columns in a row (eg: 1..12, max-column:12)"},{"type":"text","id":"vermenuitem_thtml_5","label":"Mega Menu html title 5"},{"type":"image","id":"vermenuitem_ihtml_5.jpg","label":"Mega Menu html image 5","max-width":1200,"max-height":500,"info":"Max size: 1170px x 500px"},{"type":"paragraph","content":"Images max size: 1200px x 500px. Type: *.jpg"},{"type":"textarea","id":"vermenuitem_chtml_5","label":"Mega Menu html title 5"}]},{"name":"Menu Top","settings":[{"type":"header","content":"Ticky Menu"},{"type":"checkbox","id":"display_ticky_menu","label":"Display Ticky Menu?","default":true}]},{"name":"Button","settings":[{"type":"header","content":"Primary Button"},{"type":"color","id":"primary_button_bg_color","label":"Primary Button Background Color","default":"#a499c9","info":"Default Value: #a499c9"},{"type":"color","id":"primary_button_border_color","label":"Primary Button Border Color","default":"#a499c9","info":"Default Value: #a499c9"},{"type":"color","id":"primary_button_text_color","label":"Primary Button Text Color","default":"#fff","info":"Default Value: #fff"},{"type":"color","id":"primary_button_bg_color_hover","label":"Primary Button Background Color Hover","default":"#333","info":"Default Value: #333"},{"type":"color","id":"primary_button_border_color_hover","label":"Primary Button Border Color Hover","default":"#333","info":"Default Value: #333"},{"type":"color","id":"primary_button_text_color_hover","label":"Primary Button Text Color Hover","default":"#fff","info":"Default Value: #fff"},{"type":"header","content":"Secondary Button"},{"type":"color","id":"second_button_bg_color","label":"Second Button Background Color","default":"#42454c","info":"Default Value: #42454c"},{"type":"color","id":"second_button_border_color","label":"Second Button Border Color","default":"#42454c","info":"Default Value: #42454c"},{"type":"color","id":"second_button_text_color","label":"Second Button Text Color","default":"#fff","info":"Default Value: #fff"},{"type":"color","id":"second_button_bg_color_hover","label":"Second Button Background Color Hover","default":"#000","info":"Default Value: #000"},{"type":"color","id":"second_button_border_color_hover","label":"Second Button Border Color Hover","default":"#000","info":"Default Value: #000"},{"type":"color","id":"second_button_text_color_hover","label":"Second Button Text Color","default":"#fff","info":"Default Value: #fff"},{"type":"header","content":"Third Button"},{"type":"color","id":"btn3_bg","label":"Third  Button Background Color","default":"transparent","info":"Default Value: transparent"},{"type":"color","id":"btn3_border","label":"Third Button Border Color","default":"#fff","info":"Default Value: #fff"},{"type":"color","id":"btn3_text","label":"Third Button Text Color","default":"#fff","info":"Default Value: #fff"},{"type":"color","id":"btn3_bg_hv","label":"Third Button Background Color Hover","default":"#fff","info":"Default Value: #fff"},{"type":"color","id":"btn3_border_hv","label":"Third Button Border Color Hover","default":"#fff","info":"Default Value: #fff"},{"type":"color","id":"btn3_text_hv","label":"Third Button Text Color","default":"#a499c9","info":"Default Value: #a499c9"}]},{"name":"Home Product","settings":[{"type":"header","content":"Product New Arrivals"},{"type":"checkbox","id":"enable_product_2","label":"Enable Product New Arrivals ?","default":true},{"type":"text","id":"home_product_title_2","label":"Title Product 2","default":"New Arrival"},{"type":"text","id":"product_list_limit","label":"Number of products to show at one tab","default":"4"},{"type":"collection","id":"product_collection","label":"Collection to products from"}]},{"name":"Home Block","settings":[{"type":"header","content":"Home Page Feature"},{"type":"checkbox","id":"display_feature_home","label":"Display Home Feature ?","default":true},{"type":"header","content":"Block left"},{"type":"image","id":"block_home_category1.jpg","label":"Block Images 1","max-width":1000},{"type":"image","id":"block_home_category2.jpg","label":"Block Images 2","max-width":1000},{"type":"header","content":"Block right"},{"type":"text","id":"category_title_smaill","label":"Title Category","default":"Title Category"},{"type":"text","id":"category_title","label":"Title","default":"Title"},{"type":"textarea","id":"category_sub_title","label":"Text","default":"Content"},{"type":"image","id":"block_home_category3.jpg","label":"Block Images 3","max-width":1000},{"type":"header","content":"Block Bottom"},{"type":"checkbox","id":"display_block_bottom","label":"Display Block Bottom ?","default":true},{"type":"image","id":"block_bottom_bg.jpg","label":"Background"},{"type":"text","id":"block_bottom_title","label":"Title","default":"Title"},{"type":"text","id":"block_bottom_sub_title","label":"Sub Title","default":"sub Title"},{"type":"text","id":"block_bottom_price","label":"Price","default":"Price"},{"type":"text","id":"block_bottom_link","label":"Link","default":"#"},{"type":"text","id":"block_bottom_button","label":"Button Text","default":"Button"}]},{"name":"Home page - Slideshow","settings":[{"type":"header","content":"Main setting"},{"type":"checkbox","id":"slideshow_enable","label":"enable slideshow?"},{"type":"checkbox","id":"slideshow_fullwidth","label":"Full width?"},{"type":"text","id":"slideshow_time","label":"Time","default":"8000"},{"type":"text","id":"slider_startwidth","label":"Start width","default":"1920"},{"type":"text","id":"slider_startheight","label":"Start height","default":"690"},{"type":"header","content":"Item 1"},{"type":"checkbox","id":"slide_1_enable","label":"Enable item 1?","default":true},{"type":"select","id":"slide_transition_1","label":"Transition Effects","options":[{"value":"random","label":"Random"},{"value":"slideup","label":"Slide To Top"},{"value":"slidedown","label":"Slide To Bottom"},{"value":"slideright","label":"Slide To Right"},{"value":"slideleft","label":"Slide To Left"},{"value":"slidehorizontal","label":"Slide Horizontal"},{"value":"slidevertical","label":"Slide Vertical"},{"value":"boxslide","label":"Slide Boxes"},{"value":"slotslide-horizontal","label":"Slide Slots Horizontal"},{"value":"slotslide-vertical","label":"Slide Slots Vertical"},{"value":"boxfade","label":"Fade Boxes"},{"value":"slotfade-horizontal","label":"Fade Slots Horizontal"},{"value":"slotfade-vertical","label":"Fade Slots Vertical"},{"value":"fadefromright","label":"Fade and Slide from Right"},{"value":"fadefromleft","label":"Fade and Slide from Left"},{"value":"fadefromtop","label":"Fade and Slide from Top"},{"value":"fadefrombottom","label":"Fade and Slide from Bottom"},{"value":"fadetoleftfadefromright","label":"Fade To Left and Fade From Right"},{"value":"fadetorightfadefromleft","label":"Fade To Right and Fade From Left"},{"value":"Fade To Top and Fade From Bottom","label":"fadetotopfadefrombottom"},{"value":"fadetobottomfadefromtop","label":"Fade To Bottom and Fade From Top"},{"value":"scaledownfromright","label":"Zoom Out and Fade From Right"},{"value":"scaledownfromleft","label":"Zoom Out and Fade From Left"},{"value":"scaledownfromtop","label":"Zoom Out and Fade From Top"},{"value":"scaledownfrombottom","label":"Zoom Out and Fade From Bottom"}],"default":"random"},{"type":"image","id":"slide_image1.jpg","label":"Slide 1 Image"},{"type":"text","id":"slide_title_1","label":"Title","default":"Title"},{"type":"select","id":"slide_titleeffect_1","label":"Title Effect","options":[{"value":"sft","label":"Short from Top"},{"value":"sfb","label":"Short from Bottom"},{"value":"sfr","label":"Short from Right"},{"value":"sfl","label":"Short from Left"},{"value":"lft","label":"Long from Top"},{"value":"lfb","label":"Long from Bottom"},{"value":"lfr","label":"Long from Right"},{"value":"lfl","label":"Long from Left"}],"default":"sfb"},{"type":"text","id":"slide_title_y_1","label":"Title top position","default":"100"},{"type":"text","id":"slide_title_x_1","label":"Title left position","default":"center"},{"type":"textarea","id":"slide_text_1","label":"Text Content","default":"Content"},{"type":"select","id":"slide_texteffect_1","label":"Text Effect","options":[{"value":"sft","label":"Short from Top"},{"value":"sfb","label":"Short from Bottom"},{"value":"sfr","label":"Short from Right"},{"value":"sfl","label":"Short from Left"},{"value":"lft","label":"Long from Top"},{"value":"lfb","label":"Long from Bottom"},{"value":"lfr","label":"Long from Right"},{"value":"lfl","label":"Long from Left"}],"default":"sfb"},{"type":"text","id":"slide_text_y_1","label":"Text top position","default":"150"},{"type":"text","id":"slide_text_x_1","label":"Text left position","default":"center"},{"type":"text","id":"slide_button_text_1","label":"Button text","default":"Shop now"},{"type":"select","id":"slide_buttoneffect_1","label":"Button Effect","options":[{"value":"sft","label":"Short from Top"},{"value":"sfb","label":"Short from Bottom"},{"value":"sfr","label":"Short from Right"},{"value":"sfl","label":"Short from Left"},{"value":"lft","label":"Long from Top"},{"value":"lfb","label":"Long from Bottom"},{"value":"lfr","label":"Long from Right"},{"value":"lfl","label":"Long from Left"}],"default":"sfb"},{"type":"text","id":"slide_button_link_1","label":"Button link","default":"#"},{"type":"text","id":"slide_button_y_1","label":"Button top position","default":"450"},{"type":"text","id":"slide_button_x_1","label":"Button left position","default":"center"},{"type":"header","content":"Item 2"},{"type":"checkbox","id":"slide_2_enable","label":"Enable item 2?","default":true},{"type":"select","id":"slide_transition_2","label":"Transition Effects","options":[{"value":"random","label":"Random"},{"value":"slideup","label":"Slide To Top"},{"value":"slidedown","label":"Slide To Bottom"},{"value":"slideright","label":"Slide To Right"},{"value":"slideleft","label":"Slide To Left"},{"value":"slidehorizontal","label":"Slide Horizontal"},{"value":"slidevertical","label":"Slide Vertical"},{"value":"boxslide","label":"Slide Boxes"},{"value":"slotslide-horizontal","label":"Slide Slots Horizontal"},{"value":"slotslide-vertical","label":"Slide Slots Vertical"},{"value":"boxfade","label":"Fade Boxes"},{"value":"slotfade-horizontal","label":"Fade Slots Horizontal"},{"value":"slotfade-vertical","label":"Fade Slots Vertical"},{"value":"fadefromright","label":"Fade and Slide from Right"},{"value":"fadefromleft","label":"Fade and Slide from Left"},{"value":"fadefromtop","label":"Fade and Slide from Top"},{"value":"fadefrombottom","label":"Fade and Slide from Bottom"},{"value":"fadetoleftfadefromright","label":"Fade To Left and Fade From Right"},{"value":"fadetorightfadefromleft","label":"Fade To Right and Fade From Left"},{"value":"Fade To Top and Fade From Bottom","label":"fadetotopfadefrombottom"},{"value":"fadetobottomfadefromtop","label":"Fade To Bottom and Fade From Top"},{"value":"scaledownfromright","label":"Zoom Out and Fade From Right"},{"value":"scaledownfromleft","label":"Zoom Out and Fade From Left"},{"value":"scaledownfromtop","label":"Zoom Out and Fade From Top"},{"value":"scaledownfrombottom","label":"Zoom Out and Fade From Bottom"}],"default":"random"},{"type":"image","id":"slide_image2.jpg","label":"Slide 2 Image"},{"type":"text","id":"slide_title_2","label":"Title","default":"Title"},{"type":"select","id":"slide_titleeffect_2","label":"Title Effect","options":[{"value":"sft","label":"Short from Top"},{"value":"sfb","label":"Short from Bottom"},{"value":"sfr","label":"Short from Right"},{"value":"sfl","label":"Short from Left"},{"value":"lft","label":"Long from Top"},{"value":"lfb","label":"Long from Bottom"},{"value":"lfr","label":"Long from Right"},{"value":"lfl","label":"Long from Left"}],"default":"sfb"},{"type":"text","id":"slide_title_y_2","label":"Title top position","default":"200"},{"type":"text","id":"slide_title_x_2","label":"Title left position","default":"center"},{"type":"textarea","id":"slide_text_2","label":"Content","default":"Content"},{"type":"select","id":"slide_texteffect_2","label":"Text Effect","options":[{"value":"sft","label":"Short from Top"},{"value":"sfb","label":"Short from Bottom"},{"value":"sfr","label":"Short from Right"},{"value":"sfl","label":"Short from Left"},{"value":"lft","label":"Long from Top"},{"value":"lfb","label":"Long from Bottom"},{"value":"lfr","label":"Long from Right"},{"value":"lfl","label":"Long from Left"}],"default":"sfb"},{"type":"text","id":"slide_text_y_2","label":"Text top position","default":"150"},{"type":"text","id":"slide_text_x_2","label":"Text left position","default":"center"},{"type":"text","id":"slide_button_text_2","label":"Button text","default":"Shop now"},{"type":"select","id":"slide_buttoneffect_2","label":"Button Effect","options":[{"value":"sft","label":"Short from Top"},{"value":"sfb","label":"Short from Bottom"},{"value":"sfr","label":"Short from Right"},{"value":"sfl","label":"Short from Left"},{"value":"lft","label":"Long from Top"},{"value":"lfb","label":"Long from Bottom"},{"value":"lfr","label":"Long from Right"},{"value":"lfl","label":"Long from Left"}],"default":"sfb"},{"type":"text","id":"slide_button_link_2","label":"Button link","default":"#"},{"type":"text","id":"slide_button_y_2","label":"Button top position","default":"450"},{"type":"text","id":"slide_button_x_2","label":"Button left position","default":"center"},{"type":"header","content":"Item 3"},{"type":"checkbox","id":"slide_3_enable","label":"Enable item 3?","default":true},{"type":"select","id":"slide_transition_3","label":"Transition Effects","options":[{"value":"random","label":"Random"},{"value":"slideup","label":"Slide To Top"},{"value":"slidedown","label":"Slide To Bottom"},{"value":"slideright","label":"Slide To Right"},{"value":"slideleft","label":"Slide To Left"},{"value":"slidehorizontal","label":"Slide Horizontal"},{"value":"slidevertical","label":"Slide Vertical"},{"value":"boxslide","label":"Slide Boxes"},{"value":"slotslide-horizontal","label":"Slide Slots Horizontal"},{"value":"slotslide-vertical","label":"Slide Slots Vertical"},{"value":"boxfade","label":"Fade Boxes"},{"value":"slotfade-horizontal","label":"Fade Slots Horizontal"},{"value":"slotfade-vertical","label":"Fade Slots Vertical"},{"value":"fadefromright","label":"Fade and Slide from Right"},{"value":"fadefromleft","label":"Fade and Slide from Left"},{"value":"fadefromtop","label":"Fade and Slide from Top"},{"value":"fadefrombottom","label":"Fade and Slide from Bottom"},{"value":"fadetoleftfadefromright","label":"Fade To Left and Fade From Right"},{"value":"fadetorightfadefromleft","label":"Fade To Right and Fade From Left"},{"value":"Fade To Top and Fade From Bottom","label":"fadetotopfadefrombottom"},{"value":"fadetobottomfadefromtop","label":"Fade To Bottom and Fade From Top"},{"value":"scaledownfromright","label":"Zoom Out and Fade From Right"},{"value":"scaledownfromleft","label":"Zoom Out and Fade From Left"},{"value":"scaledownfromtop","label":"Zoom Out and Fade From Top"},{"value":"scaledownfrombottom","label":"Zoom Out and Fade From Bottom"}],"default":"random"},{"type":"image","id":"slide_image3.jpg","label":"Slide 3 Image"},{"type":"text","id":"slide_title_3","label":"Title","default":"Title"},{"type":"select","id":"slide_titleeffect_3","label":"Title Effect","options":[{"value":"sft","label":"Short from Top"},{"value":"sfb","label":"Short from Bottom"},{"value":"sfr","label":"Short from Right"},{"value":"sfl","label":"Short from Left"},{"value":"lft","label":"Long from Top"},{"value":"lfb","label":"Long from Bottom"},{"value":"lfr","label":"Long from Right"},{"value":"lfl","label":"Long from Left"}],"default":"sfb"},{"type":"text","id":"slide_title_y_3","label":"Title top position","default":"200"},{"type":"text","id":"slide_title_x_3","label":"Title left position","default":"center"},{"type":"textarea","id":"slide_text_3","label":"Text Content","default":"Content"},{"type":"select","id":"slide_texteffect_3","label":"Text Effect","options":[{"value":"sft","label":"Short from Top"},{"value":"sfb","label":"Short from Bottom"},{"value":"sfr","label":"Short from Right"},{"value":"sfl","label":"Short from Left"},{"value":"lft","label":"Long from Top"},{"value":"lfb","label":"Long from Bottom"},{"value":"lfr","label":"Long from Right"},{"value":"lfl","label":"Long from Left"}],"default":"sfb"},{"type":"text","id":"slide_text_y_3","label":"Text top position","default":"150"},{"type":"text","id":"slide_text_x_3","label":"Text left position","default":"center"},{"type":"text","id":"slide_button_text_3","label":"Button text","default":"Shop now"},{"type":"select","id":"slide_buttoneffect_3","label":"Button Effect","options":[{"value":"sft","label":"Short from Top"},{"value":"sfb","label":"Short from Bottom"},{"value":"sfr","label":"Short from Right"},{"value":"sfl","label":"Short from Left"},{"value":"lft","label":"Long from Top"},{"value":"lfb","label":"Long from Bottom"},{"value":"lfr","label":"Long from Right"},{"value":"lfl","label":"Long from Left"}],"default":"sfb"},{"type":"text","id":"slide_button_link_3","label":"Button link","default":"#"},{"type":"text","id":"slide_button_y_3","label":"Button top position","default":"450"},{"type":"text","id":"slide_button_x_3","label":"Button left position","default":"center"},{"type":"header","content":"Item 4"},{"type":"checkbox","id":"slide_4_enable","label":"Enable item 4?","default":true},{"type":"select","id":"slide_transition_4","label":"Transition Effects","options":[{"value":"random","label":"Random"},{"value":"slideup","label":"Slide To Top"},{"value":"slidedown","label":"Slide To Bottom"},{"value":"slideright","label":"Slide To Right"},{"value":"slideleft","label":"Slide To Left"},{"value":"slidehorizontal","label":"Slide Horizontal"},{"value":"slidevertical","label":"Slide Vertical"},{"value":"boxslide","label":"Slide Boxes"},{"value":"slotslide-horizontal","label":"Slide Slots Horizontal"},{"value":"slotslide-vertical","label":"Slide Slots Vertical"},{"value":"boxfade","label":"Fade Boxes"},{"value":"slotfade-horizontal","label":"Fade Slots Horizontal"},{"value":"slotfade-vertical","label":"Fade Slots Vertical"},{"value":"fadefromright","label":"Fade and Slide from Right"},{"value":"fadefromleft","label":"Fade and Slide from Left"},{"value":"fadefromtop","label":"Fade and Slide from Top"},{"value":"fadefrombottom","label":"Fade and Slide from Bottom"},{"value":"fadetoleftfadefromright","label":"Fade To Left and Fade From Right"},{"value":"fadetorightfadefromleft","label":"Fade To Right and Fade From Left"},{"value":"Fade To Top and Fade From Bottom","label":"fadetotopfadefrombottom"},{"value":"fadetobottomfadefromtop","label":"Fade To Bottom and Fade From Top"},{"value":"scaledownfromright","label":"Zoom Out and Fade From Right"},{"value":"scaledownfromleft","label":"Zoom Out and Fade From Left"},{"value":"scaledownfromtop","label":"Zoom Out and Fade From Top"},{"value":"scaledownfrombottom","label":"Zoom Out and Fade From Bottom"}],"default":"random"},{"type":"image","id":"slide_image4.jpg","label":"Slide 4 Image"},{"type":"text","id":"slide_title_4","label":"Title","default":"Title"},{"type":"select","id":"slide_titleeffect_4","label":"Title Effect","options":[{"value":"sft","label":"Short from Top"},{"value":"sfb","label":"Short from Bottom"},{"value":"sfr","label":"Short from Right"},{"value":"sfl","label":"Short from Left"},{"value":"lft","label":"Long from Top"},{"value":"lfb","label":"Long from Bottom"},{"value":"lfr","label":"Long from Right"},{"value":"lfl","label":"Long from Left"}],"default":"sfb"},{"type":"text","id":"slide_heading_y_4","label":"Title top position","default":"200"},{"type":"text","id":"slide_title_x_4","label":"Title left position","default":"center"},{"type":"textarea","id":"slide_text_4","label":"Text Content","default":"Content"},{"type":"select","id":"slide_texteffect_4","label":"Text Effect","options":[{"value":"sft","label":"Short from Top"},{"value":"sfb","label":"Short from Bottom"},{"value":"sfr","label":"Short from Right"},{"value":"sfl","label":"Short from Left"},{"value":"lft","label":"Long from Top"},{"value":"lfb","label":"Long from Bottom"},{"value":"lfr","label":"Long from Right"},{"value":"lfl","label":"Long from Left"}],"default":"sfb"},{"type":"text","id":"slide_text_y_4","label":"Text top position","default":"150"},{"type":"text","id":"slide_text_x_4","label":"Text left position","default":"center"},{"type":"text","id":"slide_button_text_4","label":"Button text","default":"Shop now"},{"type":"select","id":"slide_buttoneffect_4","label":"Button Effect","options":[{"value":"sft","label":"Short from Top"},{"value":"sfb","label":"Short from Bottom"},{"value":"sfr","label":"Short from Right"},{"value":"sfl","label":"Short from Left"},{"value":"lft","label":"Long from Top"},{"value":"lfb","label":"Long from Bottom"},{"value":"lfr","label":"Long from Right"},{"value":"lfl","label":"Long from Left"}],"default":"sfb"},{"type":"text","id":"slide_button_link_4","label":"Button link","default":"#"},{"type":"text","id":"slide_button_y_4","label":"Button top position","default":"450"},{"type":"text","id":"slide_button_x_4","label":"Button left position","default":"center"},{"type":"header","content":"Item 5"},{"type":"checkbox","id":"slide_5_enable","label":"Enable item 5?","default":true},{"type":"select","id":"slide_transition_5","label":"Transition Effects","options":[{"value":"random","label":"Random"},{"value":"slideup","label":"Slide To Top"},{"value":"slidedown","label":"Slide To Bottom"},{"value":"slideright","label":"Slide To Right"},{"value":"slideleft","label":"Slide To Left"},{"value":"slidehorizontal","label":"Slide Horizontal"},{"value":"slidevertical","label":"Slide Vertical"},{"value":"boxslide","label":"Slide Boxes"},{"value":"slotslide-horizontal","label":"Slide Slots Horizontal"},{"value":"slotslide-vertical","label":"Slide Slots Vertical"},{"value":"boxfade","label":"Fade Boxes"},{"value":"slotfade-horizontal","label":"Fade Slots Horizontal"},{"value":"slotfade-vertical","label":"Fade Slots Vertical"},{"value":"fadefromright","label":"Fade and Slide from Right"},{"value":"fadefromleft","label":"Fade and Slide from Left"},{"value":"fadefromtop","label":"Fade and Slide from Top"},{"value":"fadefrombottom","label":"Fade and Slide from Bottom"},{"value":"fadetoleftfadefromright","label":"Fade To Left and Fade From Right"},{"value":"fadetorightfadefromleft","label":"Fade To Right and Fade From Left"},{"value":"Fade To Top and Fade From Bottom","label":"fadetotopfadefrombottom"},{"value":"fadetobottomfadefromtop","label":"Fade To Bottom and Fade From Top"},{"value":"scaledownfromright","label":"Zoom Out and Fade From Right"},{"value":"scaledownfromleft","label":"Zoom Out and Fade From Left"},{"value":"scaledownfromtop","label":"Zoom Out and Fade From Top"},{"value":"scaledownfrombottom","label":"Zoom Out and Fade From Bottom"}],"default":"random"},{"type":"image","id":"slide_image5.jpg","label":"Slide 5 Image"},{"type":"text","id":"slide_title_5","label":"Title","default":"Title"},{"type":"select","id":"slide_titleeffect_5","label":"Heading Effect","options":[{"value":"sft","label":"Short from Top"},{"value":"sfb","label":"Short from Bottom"},{"value":"sfr","label":"Short from Right"},{"value":"sfl","label":"Short from Left"},{"value":"lft","label":"Long from Top"},{"value":"lfb","label":"Long from Bottom"},{"value":"lfr","label":"Long from Right"},{"value":"lfl","label":"Long from Left"}],"default":"sfb"},{"type":"text","id":"slide_title_y_5","label":"Title top position","default":"200"},{"type":"text","id":"slide_title_x_5","label":"Title left position","default":"center"},{"type":"textarea","id":"slide_text_5","label":"Text Content","default":"Content"},{"type":"select","id":"slide_texteffect_5","label":"Text Effect","options":[{"value":"sft","label":"Short from Top"},{"value":"sfb","label":"Short from Bottom"},{"value":"sfr","label":"Short from Right"},{"value":"sfl","label":"Short from Left"},{"value":"lft","label":"Long from Top"},{"value":"lfb","label":"Long from Bottom"},{"value":"lfr","label":"Long from Right"},{"value":"lfl","label":"Long from Left"}],"default":"sfb"},{"type":"text","id":"slide_text_y_5","label":"Text top position","default":"150"},{"type":"text","id":"slide_text_x_5","label":"Text left position","default":"center"},{"type":"text","id":"slide_button_text_5","label":"Button text","default":"Shop now"},{"type":"select","id":"slide_buttoneffect_5","label":"Button Effect","options":[{"value":"sft","label":"Short from Top"},{"value":"sfb","label":"Short from Bottom"},{"value":"sfr","label":"Short from Right"},{"value":"sfl","label":"Short from Left"},{"value":"lft","label":"Long from Top"},{"value":"lfb","label":"Long from Bottom"},{"value":"lfr","label":"Long from Right"},{"value":"lfl","label":"Long from Left"}],"default":"sfb"},{"type":"text","id":"slide_button_link_5","label":"Button link","default":"#"},{"type":"text","id":"slide_button_y_5","label":"Button top position","default":"450"},{"type":"text","id":"slide_button_x_5","label":"Button left position","default":"center"}]},{"name":"Col Left","settings":[{"type":"header","content":"Categories"},{"type":"checkbox","id":"display_sidebar_categories","label":"Enable at Category Page","default":true},{"type":"checkbox","id":"display_sidebar_categories_detail","label":"Enable at Detail Page","default":true},{"type":"text","id":"sidebar_categories_title","label":"Categories Block Title","default":"Categories"},{"type":"radio","id":"style_categories","label":"Show all \/ Only a few categories","options":[{"value":"style_show_all","label":"Show all"},{"value":"style_little","label":"Only a few categories"}]},{"type":"textarea","id":"categories_items","label":"List of categories","info":"Use \",\" to separate categories items if you have multiple categories. For ex: Shop, Collections"},{"type":"header","content":"Multiple choices"},{"type":"checkbox","id":"enable_sidebar_multiple_choice","label":"Enable","default":true,"info":"User can select multiple colors (size, brand...) or only one color (size, brand...)?"},{"type":"header","content":"Shop by Color"},{"type":"checkbox","id":"enable_shop_by_tags_1","label":"Enable","default":true},{"type":"text","id":"shop_by_tags_1_title","label":"Shop by tags 1 title","default":"Shop By Color","info":"i.e \"Shop by Color\"."},{"type":"text","id":"shop_by_color_text_1","label":"Shop by color text 1","default":"Beige","info":"i.e \"Red\"."},{"type":"image","id":"color-1.png","label":"Shop by color image 1","max-width":200,"max-height":200},{"type":"text","id":"shop_by_color_text_2","label":"Shop by color text 2","default":"Red"},{"type":"image","id":"color-2.png","label":"Shop by color image 2","max-width":200,"max-height":200},{"type":"text","id":"shop_by_color_text_3","label":"Shop by color text 3","default":"White"},{"type":"image","id":"color-3.png","label":"Shop by color image 3","max-width":200,"max-height":200},{"type":"text","id":"shop_by_color_text_4","label":"Shop by color text 4","default":"Pink"},{"type":"image","id":"color-4.png","label":"Shop by color image 4","max-width":200,"max-height":200},{"type":"text","id":"shop_by_color_text_5","label":"Shop by color text 5","default":"Silver"},{"type":"image","id":"color-5.png","label":"Shop by color image 5","max-width":200,"max-height":200},{"type":"text","id":"shop_by_color_text_6","label":"Shop by color text 6","default":"Blue"},{"type":"image","id":"color-6.png","label":"Shop by color image 6","max-width":200,"max-height":200},{"type":"text","id":"shop_by_color_text_7","label":"Shop by color text 7","default":"Gray"},{"type":"image","id":"color-7.png","label":"Shop by color image 7","max-width":200,"max-height":200},{"type":"text","id":"shop_by_color_text_8","label":"Shop by color text 8","default":"Black"},{"type":"image","id":"color-8.png","label":"Shop by color image 8","max-width":200,"max-height":200},{"type":"text","id":"shop_by_color_text_9","label":"Shop by color text 9","default":"Green"},{"type":"image","id":"color-9.png","label":"Shop by color image 9","max-width":200,"max-height":200},{"type":"text","id":"shop_by_color_text_10","label":"Shop by color text 10"},{"type":"image","id":"color-10.png","label":"Shop by color image 10","max-width":200,"max-height":200},{"type":"header","content":"Shop by Size"},{"type":"checkbox","id":"enable_shop_by_tags_2","label":"Enable","default":true},{"type":"text","id":"shop_by_tags_2_title","label":"Shop by tags 2 title","default":"Shop By Size","info":"i.e \"Shop by Size\"."},{"type":"text","id":"shop_by_tags_2_list_tags","label":"Shop by tags 2 list","default":"S, M, L, XL, 2X, 3X","info":"Separate by a comma, i.e \"XS, S, M, L, XL\"."},{"type":"header","content":"Shop by Price"},{"type":"checkbox","id":"enable_shop_by_tags_3","label":"Enable","default":true},{"type":"text","id":"shop_by_tags_3_title","label":"Shop by tags 3 title","info":"i.e \"Shop by Price\"."},{"type":"text","id":"shop_by_tags_3_list_tags","label":"Shop by tags 3 list","info":"Separate by a comma, i.e \"$100 - $300, $300 - $500\"."}]},{"name":"Col Right","settings":[{"type":"checkbox","id":"enable_block_right","label":"Enable Block Right","default":true},{"type":"image","id":"images-block-right.jpg","label":"Image Block right","max-width":300},{"type":"textarea","id":"content_right_detail","label":"Content"}]},{"name":"Wishlist","settings":[{"type":"checkbox","id":"enable_wishlist","label":"Enable wishlist","default":true}]},{"name":"Product Collection","settings":[{"type":"header","content":"Bonus Method"},{"type":"checkbox","id":"display_collection_bonus","label":"Display Bonus Method?","default":true},{"type":"image","id":"bonus1.png","label":"Icon"},{"type":"image","id":"bonus1_hv.png","label":"Icon hover"},{"type":"text","id":"collection_bonus_1","label":"Text"},{"type":"image","id":"bonus2.png","label":"Icon"},{"type":"image","id":"bonus2_hv.png","label":"Icon hover"},{"type":"text","id":"collection_bonus_2","label":"Text"},{"type":"image","id":"bonus3.png","label":"Icon"},{"type":"image","id":"bonus3_hv.png","label":"Icon hover"},{"type":"text","id":"collection_bonus_3","label":"Text"},{"type":"checkbox","id":"display_image_cat","label":"Display Image Category?","default":true},{"type":"image","id":"image_category.jpg","label":"Image Category"},{"type":"text","id":"collection_results_per_page","label":"Products per page","default":"10"},{"type":"select","id":"collection_results_per_row","label":"Products per row","options":[{"value":"3","label":"3"},{"value":"4","label":"4"},{"value":"5","label":"5"}]},{"type":"header","content":"Product Isotope"},{"type":"text","id":"isotope_collection_results_per_page","label":"Products per page","default":"21"},{"type":"text","id":"isotope_items_min_width","label":"Item min width","default":"250"},{"type":"header","content":"Product Image"},{"type":"checkbox","id":"product_image_hover","label":"Product Hover images?","default":true},{"type":"checkbox","id":"product_style_images_click","label":"Click List swatch"},{"type":"checkbox","id":"product_image_resize","label":"Resize image?","info":"If your images don't have the same size, pleases turn on resize image to have better look."},{"type":"checkbox","id":"product_image_crop","label":"Crop image?"},{"type":"text","id":"product_image_ratio_width","label":"Average ratio of product image (Width:Height)","default":"1"},{"type":"text","id":"product_image_ratio_height","label":":","default":"1.35"},{"type":"paragraph","content":"i.e: 1:2, 1:1.5 or 3:4"},{"type":"header","content":"List View Starrating Color"},{"type":"color","id":"starring_color","label":"List View Starrating Color","default":"#ec983f","info":"Default Value: #ec983f"},{"type":"header","content":"Product Tag"},{"type":"checkbox","id":"display_new_tag","label":"Display New Tag","default":true},{"type":"text","id":"new_tag_text","label":"Tag"},{"type":"color","id":"sale_tag_color","label":"Product Label Color","default":"#fff","info":"Default Value: #fff"},{"type":"color","id":"first_sale_tag_bg_color","label":"First Product Label Background Color","default":"#ee4b81","info":"Default Value: #ee4b81"},{"type":"color","id":"Second_sale_tag_bg_color","label":"Second Product Label Background Color","default":"#8cdbe4","info":"Default Value: #8cdbe4"},{"type":"header","content":"Product Image Overlay"},{"type":"color","id":"product_mage_verlay","label":"Product Image Overlay Color","default":"#a499c9","info":"Default Value: #a499c9"},{"type":"header","content":"Price Color"},{"type":"color","id":"price_color_compare","label":"Price Color compare","default":"#666666","info":"Default Value: #666666"},{"type":"color","id":"price_color","label":"Price Color","default":"#a499c0","info":"Default Value: #a499c0"}]},{"name":"Product Detail","settings":[{"type":"checkbox","id":"enable_bg_pro_detail","label":"Enable imgage top product detail ?","default":true},{"type":"image","id":"bg_pro_detail_top.jpg","label":"Images"},{"type":"checkbox","id":"enable_product_image_zoom","label":"Enable image zoom feature?"},{"type":"checkbox","id":"display_prev_next_product","label":"Display Prev\/Next Product?","default":true},{"type":"checkbox","id":"display_availability","label":"Display Availability?","default":true},{"type":"checkbox","id":"use_color_swatch","label":"Use Color Swatch?","default":true},{"type":"checkbox","id":"display_product_detail_description","label":"Display Product Description?","default":true},{"type":"text","id":"product_description_title","label":"Product Description Title","default":"Product Description"},{"type":"checkbox","id":"display_product_reviews","label":"Display Product Reviews?","default":true},{"type":"text","id":"product_review_title","label":"Product Reviews Title","default":"Customer Reviews"},{"type":"header","content":"Icon Isocal"},{"type":"checkbox","id":"display_icon_isocal","label":"Display Icon Isocal?","default":true},{"type":"text","id":"icon_isocal_1","label":"icon 1","default":"<i class='fa fa-facebook'><\/i>","info":"Icon Facebook"},{"type":"text","id":"icon_isocal_2","label":"icon 2","default":"<i class='fa fa-twitter'><\/i>","info":"Icon twitter"},{"type":"text","id":"icon_isocal_3","label":"icon 3","default":"<i class='fa fa-vimeo-square'><\/i>","info":"Icon pinterest"},{"type":"text","id":"icon_isocal_4","label":"icon 4","default":"<i class='fa fa-google-plus'><\/i>","info":"Icon google plus"},{"type":"header","content":"Related Products"},{"type":"checkbox","id":"display_related_products","label":"Display Related Products?","default":true},{"type":"text","id":"related_products_title","label":"Title of related products block","default":"Related Products"},{"type":"text","id":"number_of_related_products","label":"Number of related products","default":"8"},{"type":"radio","id":"related_products_type","label":"Type of related products","options":[{"value":"tags","label":"By Tags"},{"value":"collection","label":"By Collection"}],"default":"collection"},{"type":"header","content":"Product Sale Off"},{"type":"checkbox","id":"enable_pro_sale","label":"Enable product sale off on Home Page?"},{"type":"textarea","id":"pro_text_sale","label":"Sale Content","default":"Text Default"},{"type":"checkbox","id":"enable_pro_sale_images","label":"Enable Images?"},{"type":"image","id":"pro_sale.jpg","label":"Prouduct Sale Images","max-width":1000},{"type":"text","id":"pro_buttom_text","label":"Buttom Text","default":"Text Default"},{"type":"text","id":"pro_link","label":"Product Link","default":"Text Default"},{"type":"header","content":"Product Image Right"},{"type":"checkbox","id":"enable_pro_sale2","label":"Enable product sale off 2 on Home Page?"},{"type":"textarea","id":"pro_text_sale2","label":"Sale Content","default":"Text Default"},{"type":"checkbox","id":"enable_pro_sale_images2","label":"Enable Images?"},{"type":"image","id":"pro_sale2.jpg","label":"Prouduct Sale Images","max-width":1000},{"type":"textarea","id":"pro_text_sale3","label":"Sale Content","default":"Text Default"},{"type":"checkbox","id":"enable_pro_sale_images3","label":"Enable Images?"},{"type":"image","id":"pro_sale3.jpg","label":"Prouduct Sale Images","max-width":1000}]},{"name":"Currency","settings":[{"type":"checkbox","id":"show_multiple_currencies","label":"Allow shopper to see prices in his own currency?"},{"type":"paragraph","content":"Although you will be able to display prices on your store front in different currencies, Shopify will still process orders in your shop's currency."},{"type":"select","id":"currency_format","label":"Money format","options":[{"value":"money_format","label":"Without Currency, ex: $10.00"},{"value":"money_with_currency_format","label":"With Currency, ex: $10 CAD"}],"default":"money_format"},{"type":"text","id":"supported_currencies_1","label":"Currencies 1 you wish to support","default":"USD"},{"type":"image","id":"currencies_img_1.png","label":"Currencies 1 icon","max-width":50,"max-height":30,"info":"Size: 50px x 30px"},{"type":"text","id":"supported_currencies_2","label":"Currencies 2 you wish to support","default":"EUR"},{"type":"image","id":"currencies_img_2.png","label":"Currencies 2 icon","max-width":50,"max-height":30,"info":"Size: 50px x 30px"},{"type":"text","id":"supported_currencies_3","label":"Currencies 3 you wish to support","default":"AUD"},{"type":"image","id":"currencies_img_3.png","label":"Currencies 3 icon","max-width":50,"max-height":30,"info":"Size: 50px x 30px"},{"type":"text","id":"supported_currencies_4","label":"Currencies 4 you wish to support","default":"GBP"},{"type":"image","id":"currencies_img_4.png","label":"Currencies 4 icon","max-width":50,"max-height":30,"info":"Size: 50px x 30px"},{"type":"text","id":"supported_currencies_5","label":"Currencies 5 you wish to support","default":"JPY"},{"type":"image","id":"currencies_img_5.png","label":"Currencies 5 icon","max-width":50,"max-height":30,"info":"Size: 50px x 30px"}]},{"name":"Cart","settings":[{"type":"checkbox","id":"cart_notes","label":"Allow customers to add notes to their order?","default":true,"info":"Only enabled in the ajax cart if you use your cart.liquid markup. See docs below."},{"type":"checkbox","id":"ajax_cart","label":"Enable Ajax Cart","default":true}]},{"name":"Contact Page","settings":[{"type":"textarea","id":"contact_top","label":"Content top","default":"Content"},{"type":"text","id":"contact_title","label":"Contact Title","default":"title"},{"type":"text","id":"contact_your_name","label":"Placeholder text in Your Name"},{"type":"text","id":"contact_phone_number","label":"Placeholder text in Your Phone"},{"type":"text","id":"contact_your_email","label":"Placeholder text in Your Email"},{"type":"text","id":"contact_your_comment","label":"Placeholder text in Your Comment"},{"type":"checkbox","id":"display_google_map","label":"Display Google Map?","default":true},{"type":"textarea","id":"google_map_code","label":"Google Map Code"},{"type":"textarea","id":"contact_bottom","label":"Content bottom","default":"Content"}]},{"name":"About us","settings":[{"type":"header","content":"About Banner"},{"type":"checkbox","id":"enable_about_banner","label":"Enable About Banner?"},{"type":"image","id":"bg_about_banner.jpg","label":"About Images"},{"type":"header","content":"About Text"},{"type":"checkbox","id":"enable_about_text","label":"Enable About Text?"},{"type":"header","content":"Item 1"},{"type":"text","id":"title_about_text","label":"Title","default":"Text Default"},{"type":"textarea","id":"sub_title_about_text","label":"Sub Title","default":"Text Default"},{"type":"header","content":"Item 2"},{"type":"text","id":"title_about_text2","label":"Title","default":"Text Default"},{"type":"textarea","id":"sub_title_about_text2","label":"Sub Title","default":"Text Default"},{"type":"header","content":"Meet Our Team"},{"type":"checkbox","id":"display_our_team","label":"Display Meet Out Team?","default":true},{"type":"text","id":"title_meetteam","label":"Title","default":"Meet Out Team"},{"type":"textarea","id":"sub_title_meetteam","label":"Content","default":"Text Default"},{"type":"checkbox","id":"display_our_team_images_1","label":"Display Images 1?","default":true},{"type":"image","id":"images-our-team1.jpg","label":"Image Meet Team 1","max-width":3000},{"type":"text","id":"our_title_team_1","label":"Title 1","default":"Title 1"},{"type":"text","id":"our_content_team_1","label":"Position","default":"Content 1"},{"type":"checkbox","id":"display_our_team_images_2","label":"Display Images 2?","default":true},{"type":"image","id":"images-our-team2.jpg","label":"Image Meet Team 2","max-width":3000},{"type":"text","id":"our_title_team_2","label":"Title 2","default":"Title 2"},{"type":"text","id":"our_content_team_2","label":"Position","default":"Content 2"},{"type":"checkbox","id":"display_our_team_images_3","label":"Display Images 3?","default":true},{"type":"image","id":"images-our-team3.jpg","label":"Image Meet Team 3","max-width":3000},{"type":"text","id":"our_title_team_3","label":"Title 3","default":"Title 3"},{"type":"text","id":"our_content_team_3","label":"Position","default":"Content 3"}]},{"name":"Fonts","settings":[{"type":"header","content":"Font 1"},{"type":"paragraph","content":"used for Level Top Menu, Header Top, Page Title, Block Title, Button Text"},{"type":"text","id":"fonts_name_1","label":"Fonts Name 1","default":"Ubuntu Mono"},{"type":"header","content":"Font 2"},{"type":"paragraph","content":"used for Body Text"},{"type":"text","id":"fonts_name_2","label":"Fonts Name 2","default":"Poppins"},{"type":"header","content":"Font 3"},{"type":"paragraph","content":"used for Quickview button"},{"type":"text","id":"fonts_name_3","label":"Fonts Name 3","default":"Ubuntu Mono"},{"type":"header","content":"Font 4"},{"type":"paragraph","content":"used for Tag Link"},{"type":"text","id":"fonts_name_4","label":"Fonts Name 4","default":"Ubuntu Mono"}]}]